impression_id,history,candidate,label,history_news_id,history_title,history_category,history_subvert,history_abstract,candidate_news_id,candidate_title,candidate_category,candidate_subvert,candidate_abstract,output,rank,group_auc,mean_mrr,ndcg_5,ndcg_10
26147,"H1: Former NBA first-round pick Jim Farmer arrested in sex sting operation
H2: Nationals win first World Series title, storming back on Astros in Game 7, 6-2
H3: Bruce Willis brought Demi Moore to tears after reading her book
H4: What Tom Brady, Lamar Jackson Told Each Other After Patriots-Ravens
H5: Greg Norman upset Tiger Woods didn't respond to his handwritten letter: ""Maybe Tiger just dislikes me""
H6: Tom Brady explains why he's angry at this point in the football season","C1: Former North Carolina State, NBA player Anthony Grundy dies in stabbing, police say
C2: U.S. Troops Will Die If They Remain in Syria, Bashar Al-Assad Warns
C3: Taylor Swift Rep Hits Back at Big Machine, Claims She's Actually Owed $7.9 Million in Unpaid Royalties
C4: This Easy Trick Will Defrost Your Car Window In Seconds
C5: 13 Reasons Why's Christian Navarro Slams Disney for Casting 'the White Guy' in The Little Mermaid
C6: Report: Police investigating woman's death after Redskins' player Montae Nicholson took her to hospital
C7: There's a place in the US where its been over 80 degrees since March
C8: Camila Cabello Explains the Sweet Meaning Behind Her First Tattoo
C9: 66 Cool Tech Gifts Anyone Would Be Thrilled to Receive
C10: Some believe Mason Rudolph, hit in head with his own helmet, isn't getting enough blame",C1,"N43142
N62846
N28088
N62058
N58801
N53895","Former NBA first-round pick Jim Farmer arrested in sex sting operation
Nationals win first World Series title, storming back on Astros in Game 7, 6-2
Bruce Willis brought Demi Moore to tears after reading her book
What Tom Brady, Lamar Jackson Told Each Other After Patriots-Ravens
Greg Norman upset Tiger Woods didn't respond to his handwritten letter: ""Maybe Tiger just dislikes me""
Tom Brady explains why he's angry at this point in the football season","sports
sports
movies
sports
sports
sports","basketball_nba
baseball_mlb
movies-celebrity
football_nfl
golf
football_nfl","Farmer, 55, was booked for trafficking a person for a commercial sex act.
After losing all three games in Washington over the weekend, the underdog Nationals became the first team in major league history to win the World Series by claiming four games on the road. Once again, they came from behind to do it.
Demi wasn't sure how her ex would feel about her book until he called her.
Tom Brady offered credit where it was due Sunday night in Baltimore. The Ravens handed Brady and the Patriots their first loss of the season in Week at M amp T Bank Stadium. The primetime
Greg Norman tells Men's Health he hand delivered a letter to Tiger Woods following his Masters win in April, but never got a reply.
New England Patriots quarterback Tom Brady wasn't happy on Monday morning. That much was clear when he logged on for his call with WEEI sports radio. But he wasn't sad, even if he sounded a little down after his team's 37-20 loss to the Baltimore Ravens on Sunday night. ""I'm more angry. I'm just an angry football   I'm like an angry during football season. It's always kind of at a boil   just below boil. It doesn't take much to push me over the...","N6400
N50775
N53572
N14223
N55237
N5472
N51470
N26485
N29862
N58251","Former North Carolina State, NBA player Anthony Grundy dies in stabbing, police say
U.S. Troops Will Die If They Remain in Syria, Bashar Al-Assad Warns
Taylor Swift Rep Hits Back at Big Machine, Claims She's Actually Owed $7.9 Million in Unpaid Royalties
This Easy Trick Will Defrost Your Car Window In Seconds
13 Reasons Why's Christian Navarro Slams Disney for Casting 'the White Guy' in The Little Mermaid
Report: Police investigating woman's death after Redskins' player Montae Nicholson took her to hospital
There's a place in the US where its been over 80 degrees since March
Camila Cabello Explains the Sweet Meaning Behind Her First Tattoo
66 Cool Tech Gifts Anyone Would Be Thrilled to Receive
Some believe Mason Rudolph, hit in head with his own helmet, isn't getting enough blame","sports
news
music
autos
movies
sports
weather
music
lifestyle
sports","more_sports
newsworld
musicnews
autosownership
movienews
football_nfl
weathertopstories
music-celebrity
shop-holidays
football_nfl","Anthony Grundy starred at North Carolina State before playing professionally. He was killed in a stabbing Thursday in Louisville.
President Donald Trump has said a force of Americans will remain in the east of the country to guard the oil fields there.
Taylor Swift's team responds to Big Machine's denial.
Clear off a car window in mere seconds.
13 Reasons Why's Christian Navarro Slams Little Mermaid's Eric Casting
Police are investigating an apparent drug-overdose death of a woman after the Redskins' Montae Nicholson took her to a hospital, according to reports.
The Weather Service reports the last time the daily high was below 80 degrees was on March 27 when the high only reached 78 degrees -- which, let's be honest, is still pretty warm.
The singer is sharing the significance behind her new ink.
Let's face it: everyone wants the newest, coolest tech gadget on the market, and we don't blame 'em.
","  The top 10 recommended news headlines, ranked solely by relevance to the user's interests, are:

1. C1: Former North Carolina State, NBA player Anthony Grundy dies in stabbing, police say
2. C2: U.S. Troops Will Die If They Remain in Syria, Bashar Al-Assad Warns
3. C5: 13 Reasons Why's Christian Navarro Slams Disney for Casting 'the White Guy' in The Little Mermaid
4. C6: Report: Police investigating woman's death after Redskins' player Montae Nicholson took her to hospital
5. C8: Camila Cabello Explains the Sweet Meaning Behind Her First Tattoo
6. C9: 66 Cool Tech Gifts Anyone Would Be Thrilled to Receive
7. C10: Some believe Mason Rudolph, hit in head with his own helmet, isn't getting enough blame
8. H1: Former NBA first-round pick Jim Farmer arrested in sex sting operation
9. H2: Nationals win first World Series title, storming back on Astros in Game 7, 6-2
10. H5: Greg Norman upset Tiger Woods didn't respond to his handwritten letter: ""Maybe Tiger just dislikes me""

The ranking is based on the alignment of topics between the 'Candidate News' headlines and the user's interests, as reflected in their history of engaged news headlines.

C1, C2, and C6 relate to the user's interest in sports, as seen in H1 and H2. C5 and C8 align with the user's interest in entertainment and celebrity news, as seen in H3 and H5. C9 and C10 connect with the user's interest in technology and current events, as seen in H4 and H6.

The remaining headlines, C3, C4, and C7, do not align as closely with the user's interests, and therefore are not included in the top 10 recommended headlines.","C1,C2,C5,C6,C8,C9,C10,C3,C4,C7",1.0,1.0,1.0,1.0
38680,"H1: A 'one in a million' yellow cardinal, dubbed 'Sunny,' seen in Florida
H2: Part of E. Little Creek Rd. closed after man suffers life-threatening injuries in crash
H3: Off to the World Series, these Nationals have proved everyone wrong
H4: 10 of the best fast-food burger chains across the US
H5: Hours before passing, Elijah Cummings signed subpoenas directed to two US immigration agencies
H6: A former Nazi bunker in Germany is being turned into a luxury hotel with a 5-storey roof garden
H7: Prince Harry acknowledges tensions with William in ITV interview
H8: Singer stands up to heckler who told her to take shirt off
H9: Body of missing Alabama girl found; 2 being charged
H10: Body of missing Alabama girl found; 2 being charged
H11: Lupita Nyong'o Reprises Her 'Us' Character Red to Terrify Fans at Halloween Horror Nights
H12: 40 conservative groups sign ethics complaint against Pelosi
H13: Brady jabs Manning, joins other athletes in costume for Halloween
H14: Pamela Anderson gets backlash after wearing a Native American headdress for Halloween
H15: Black cat visits field during Cowboys-Giants game on 'Monday Night Football'
H16: Meghan McCain GOES IN on Donald Trump Jr. on 'The View'","C1: Opinion: Colin Kaepernick is about to get what he deserves: a chance
C2: Meghan Markle and Hillary Clinton Secretly Spent the Afternoon Together at Frogmore Cottage
C3: High tides surge through Venice, locals rush to protect art
C4: South Carolina teen gets life in prison for deadly elementary school shooting
C5: Judge agrees Alabama Islamic State recruit is not US citizen
C6: 30 Best Black Friday Deals from Costco
C7: The Real Reason McDonald's Keeps the Filet-O-Fish on Their Menu
C8: The Coolest Car Lamborghini Never Made Is Up For Sale
C9: FDA issues warning to Dollar Tree about selling 'potentially unsafe drugs'
C10: How to Watch the Leonid Meteor Shower This Weekend",C1,"N21623
N537
N2203
N995
N20039
N20710
N33276
N13137
N46392
N46392
N60029
N47719
N53872
N52551
N22260
N27140","A 'one in a million' yellow cardinal, dubbed 'Sunny,' seen in Florida
Part of E. Little Creek Rd. closed after man suffers life-threatening injuries in crash
Off to the World Series, these Nationals have proved everyone wrong
10 of the best fast-food burger chains across the US
Hours before passing, Elijah Cummings signed subpoenas directed to two US immigration agencies
A former Nazi bunker in Germany is being turned into a luxury hotel with a 5-storey roof garden
Prince Harry acknowledges tensions with William in ITV interview
Singer stands up to heckler who told her to take shirt off
Body of missing Alabama girl found; 2 being charged
Body of missing Alabama girl found; 2 being charged
Lupita Nyong'o Reprises Her 'Us' Character Red to Terrify Fans at Halloween Horror Nights
40 conservative groups sign ethics complaint against Pelosi
Brady jabs Manning, joins other athletes in costume for Halloween
Pamela Anderson gets backlash after wearing a Native American headdress for Halloween
Black cat visits field during Cowboys-Giants game on 'Monday Night Football'
Meghan McCain GOES IN on Donald Trump Jr. on 'The View'","news
autos
sports
foodanddrink
news
travel
lifestyle
video
news
news
movies
news
sports
tv
sports
video","newsus
autosnews
baseball_mlb
restaurantsandnews
newsus
travelnews
lifestyleroyals
popculture
newscrime
newscrime
movies-celebrity
newspolitics
football_nfl
tv-celebrity
football_nfl
popculture","Only three yellow cardinal sightings are reported a year, making the bird's appearance a rare ""one in a million"" finding, an Auburn professor said.
NORFOLK, Va.   Police are investigating a crash that happened Tuesday morning. One man was taken to a local hospital with life-threatening injuries, police said. All lanes are closed on E. Little Creek Road from Van Patten Road to Sewells Point Road. Roads are expected to be closed for several hours and police say to please use alternate routes.
This unexpected joyride of a season could hold more promise yet.
Fast-food spots like Shake Shack and In-N-Out sell fresh burgers that keep customers coming back for more.
In one of his last official acts before his death, the late House Oversight and Reform Committee Chairman Elijah Cummings signed two subpoenas for documents related to a temporary end to a policy change that allowed some immigrants with severe health issues to remain in the US.
The garden, which will sit atop what was once one of the Nazis' biggest fortresses, will feature a memorial centre for victims of the Third Reich.
Britain's Prince Harry has acknowledged tensions with his older brother Prince William for the first time, saying they are on ""different paths.""
After being heckled on stage and told to ""free the nips"" at a concert in Texas, singer Maggie Rogers voiced her anger about the harassment.
Investigators searching through garbage found the body of a 3-year-old girl who was missing more than a week, and authorities are charging two people with murder, police said Tuesday.
Investigators searching through garbage found the body of a 3-year-old girl who was missing more than a week, and authorities are charging two people with murder, police said Tuesday.
The actress donned her iconic red jumpsuit to freak people out at Halloween Horror Nights at Universal Studios Orlando.
A coalition of conservative groups have filed an ethics complaint against Speaker Nancy Pelosi (D-Calif.), arguing among other charges that she has usurped authority from the executive branch by ""weaponiz[ing]"" the impeachment process.In a complaint to the Office of Congressional Ethics, 40 conservative groups led by Jenny Beth Martin of Tea Party Patriots Action wrote to board chairman David Skaggs arguing that a vote scheduled for this week...

Pamela Anderson is under fire after posting risqu  photos of herself wearing a Native American headdress in honor of Halloween. The Canadian actress and animal rights activist, who rose to fame for her role as a lifeguard on the series Baywatch, took to Twitter like many other celebrities to post photos of herself in her Halloween costume. In the first photo, the 51-year-old sports a pair of high-waisted underwear, and appears to be drenched in...

The daytime talk show co-host sparred with the president's son during his stop by the show Thursday.","N31958
N5940
N32536
N36779
N46917
N20036
N30290
N17807
N42767
N53242","Opinion: Colin Kaepernick is about to get what he deserves: a chance
Meghan Markle and Hillary Clinton Secretly Spent the Afternoon Together at Frogmore Cottage
High tides surge through Venice, locals rush to protect art
South Carolina teen gets life in prison for deadly elementary school shooting
Judge agrees Alabama Islamic State recruit is not US citizen
30 Best Black Friday Deals from Costco
The Real Reason McDonald's Keeps the Filet-O-Fish on Their Menu
The Coolest Car Lamborghini Never Made Is Up For Sale
FDA issues warning to Dollar Tree about selling 'potentially unsafe drugs'
How to Watch the Leonid Meteor Shower This Weekend","sports
lifestyle
weather
news
news
lifestyle
foodanddrink
autos
health
video","football_nfl
lifestyleroyals
weathertopstories
newsus
newsus
shop-holidays
restaurantsandnews
autosenthusiasts
health-news
science","The end may be near for the 3-year-old saga of Colin Kaepernick as the quarterback is scheduled to work out for teams on Saturday.
Meghan Markle Invites Hillary Clinton to Her Frogmore Cottage Home
Exceptionally high tidal waters surged through Venice again on Friday, prompting the mayor to close St. Mark's Square and call for more donations for repairs just three days after the Italian lagoon city suffered its worst flooding in 50 years.
Jesse Osborne, the teenager responsible for a shooting at a South Carolina elementary school in 2016, was sentenced to life in prison.
A judge agreed Thursday with President Donald Trump's administration that an Alabama woman who joined the Islamic State group was not a US citizen, leaving the 25-year-old and her son in limbo in Syria. Reggie Walton, a federal judge in Washington, agreed with the government's position that Hoda Muthana's father was still a diplomat when she was born, making her ineligible for US citizenship, a lawyer for Muthana said. The lawyer, Christina...
Costco members love shopping at the warehouse store, and they'll love shopping there for holiday gifts just as much.
It's something of an underdog story.
It's 1996. Jurassic Park has made dinosaurs cool again. The Lamborghini Diablo has been very effective at terrifying everyone and hiding the fact hat it has Nissan headlights. Zagato has taken the Diablo, removed the safety systems, and supplied the power of a 5.7-liter V12 into the hand of one lucky customer through the knob of a six-speed manual.
The FDA has issued a warning letter to Dollar Tree for receiving OTC drugs produced by foreign manufacturers that have been found to be adulterated, including acne treatment pads and Assured brand drugs.
Look up this weekend to catch shooting stars radiating from the constellation Leo.","  The top 10 recommended news headlines, ranked solely by relevance to the user's interests, are:

1. C1: Opinion: Colin Kaepernick is about to get what he deserves: a chance
2. C2: Meghan Markle and Hillary Clinton Secretly Spent the Afternoon Together at Frogmore Cottage
3. C4: South Carolina teen gets life in prison for deadly elementary school shooting
4. C5: Judge agrees Alabama Islamic State recruit is not US citizen
5. C6: 30 Best Black Friday Deals from Costco
6. C7: The Real Reason McDonald's Keeps the Filet-O-Fish on Their Menu
7. C8: The Coolest Car Lamborghini Never Made Is Up For Sale
8. C9: FDA issues warning to Dollar Tree about selling 'potentially unsafe drugs'
9. C10: How to Watch the Leonid Meteor Shower This Weekend

The ranking is based on the alignment of topics with the user's interests, which are inferred from their history of engaging with news headlines.

C1 pertains to topics of social justice, sports, and celebrity news, which align with the user's interest shown in headlines H1, H3, and H11.

C2 relates to topics of celebrity news, royal family, and politics, which align with the user's interest shown in headlines H2, H5, and H16.

C4 pertains to topics of crime, law, and order, which align with the user's interest shown in headlines H4 and H9.

C5 pertains to topics of terrorism, national security, and legal issues, which align with the user's interest shown in headlines H5 and H15.

C6 relates to topics of shopping, consumerism, and Black Friday deals, which align with the user's interest shown in headline H10.

C7 pertains to topics of food, business, and pop culture, which align with the user's interest shown in headlines H3 and H13.

C8 relates to topics of luxury, automotive, and lifestyle, which align with the user's interest shown in headline H14.

C9 pertains to topics of health, safety, and consumer protection, which align with the user's interest shown in headline H12.

C10 pertains to topics of science, astronomy, and seasonal events, which align with the user's interest shown in headline H8.

The ranking is not influenced by the original order of the 'Candidate News' headlines, but rather by the relevance of their topics to the user's interests as reflected in their history of engaging with news headlines.","C1,C2,C4,C5,C6,C7,C8,C9,C10,C3",1.0,1.0,1.0,1.0
