impression_id,history,candidate,label,output,rank,group_auc,mean_mrr,ndcg_5,ndcg_10
7846,"H1: Cause determined in Jessi Combs' fatal speed record crash
H2: Kevin Spacey Won't Be Charged in Sexual Assault Case After Accuser Dies
H3: Convicted ex-NFL tight end Kellen Winslow II has CTE symptoms, his attorneys say
H4: Cornell student, 18, found dead in gorge after frat party, reports say
H5: Judge: Brad Pitt, others can be sued over New Orleans homes
H6: Felicity Huffman Smiles as She Begins Community Service Following Prison Release
H7: Here Are the Biggest Deals We're Anticipating for Black Friday
H8: Iowan convicted of murder claims his life-sentence was served once he died, was revived in medical emergency. The court disagrees.","C1: Queen Elizabeth Just Rode Horseback at Age 93
C2: South Carolina teen gets life in prison for deadly elementary school shooting
C3: 30 Best Black Friday Deals from Costco
C4: This was uglier than a brawl. And Myles Garrett deserves suspension for rest of year after helmet attack.",C3,"The top 10 recommended news headlines, ranked solely by relevance to the user's interests, are: C2, C1, C4, C3, C#, C#, C#, C#, C#, C#.

C2, ""South Carolina teen gets life in prison for deadly elementary school shooting,"" is ranked first because it aligns with the user's interest in news related to criminal cases and legal proceedings, as seen in headlines H2 and H4.

C1, ""Queen Elizabeth Just Rode Horseback at Age 93,"" is ranked second as it relates to notable figures and their activities, which resonates with the user's interest in headline H6 about Felicity Huffman's community service.

C4, ""This was uglier than a brawl. And Myles Garrett deserves suspension for rest of year after helmet attack,"" is ranked third because it involves a controversial incident and legal consequences, similar to the user's interest in headline H2 about Kevin Spacey.

C3,","C2,C1,C4,C3",0.0,0.25,0.43068,0.43068
